id;creation_date;name;email;feedback
1;2019-10-10T05:55:11;grey Shirt Awesome;Rick26@yahoo.com;Movies Sleek
2;2019-10-09T22:33:51;regional compress Personal Loan Account;Mara12@yahoo.com;Money Market Account
3;2019-10-10T03:12:05;invoice;Jaunita_Bauch32@yahoo.com;Plastic Wall Rubber
4;2019-10-10T10:07:42;Legacy Slovenia;Madison4@yahoo.com;Unbranded Savings Account
5;2019-10-10T19:30:44;strategize Japan;Lesley.Cruickshank24@yahoo.com;Metal tan TCP
6;2019-10-10T06:17:36;multi-tasking copying SCSI;Destinee.VonRueden@hotmail.com;override Wall
7;2019-10-10T01:35:05;hard drive override deposit;Emmet_Little26@gmail.com;Armenia panel Rustic
8;2019-10-10T05:20:44;Licensed Manager Borders;Roma.Heaney54@gmail.com;Pennsylvania Borders array
9;2019-10-10T08:13:56;Burundi Franc;Kirstin_Nicolas43@hotmail.com;Shoes
10;2019-10-10T08:23:59;open-source;Mollie.Thompson9@hotmail.com;transition
